    INSERT INTO tbl_types (type_name) VALUES ('Normal'), ('Colorless'), ('Darkness'), ('Metal') ON CONFLICT DO NOTHING;

    INSERT INTO tbl_collections (collection_name, release_date, total_cards_in_collection)
    VALUES 
    ('Base Set', '1999-01-09', 102),
    ('Jungle', '1999-06-16', 64),
    ('Fossil', '1999-10-10', 62),
    ('Team Rocket', '2000-04-24', 83),
    ('Gym Heroes', '2000-08-14', 132),
    ('Neo Genesis', '2000-12-16', 111)
    ON CONFLICT DO NOTHING;

    INSERT INTO tbl_cards (name, hp, pokedex_description, attack_name, attack_cost, attack_effects, damage_caused, illustrator, retreat_cost, expansion_symbol, rarity_and_number, weakness, resistance, card_number_in_collection, category_id, type_id, collection_id)
    VALUES 

    ('Raichu', 80, 'Its long tail serves as a ground to protect itself from its own high voltage power.', 'Thunder Punch', 'Lightning, Colorless', 'Flip a coin. If heads, this attack does 30 damage plus 10 more damage.', '30+', 'Ken Sugimori', 'Colorless', 'Base Set', '14/102 Holo', 'Fighting', NULL, 14, (SELECT category_id FROM tbl_categories WHERE category_name = 'Stage 1'), (SELECT type_id FROM tbl_types WHERE type_name = 'Lightning'), (SELECT collection_id FROM tbl_collections WHERE collection_name = 'Base Set')),
    ('Nidoking', 90, 'Uses its powerful tail in battle to smash, constrict, then break the prey''s bones.', 'Thrash', 'Grass, Colorless, Colorless', 'Flip a coin. If heads, this attack does 30 damage plus 10 more damage.', '30+', 'Ken Sugimori', 'Colorless, Colorless', 'Base Set', '11/102 Holo', 'Psychic', NULL, 11, (SELECT category_id FROM tbl_categories WHERE category_name = 'Stage 2'), (SELECT type_id FROM tbl_types WHERE type_name = 'Grass'), (SELECT collection_id FROM tbl_collections WHERE collection_name = 'Base Set')),
    ('Machamp', 100, 'Using its heavy muscles, it throws powerful punches that can send the victim over the horizon.', 'Submission', 'Fighting, Fighting, Colorless, Colorless', 'Machamp does 20 damage to itself.', '60', 'Ken Sugimori', 'Colorless, Colorless, Colorless', 'Base Set', '8/102 Holo', 'Psychic', NULL, 8, (SELECT category_id FROM tbl_categories WHERE category_name = 'Stage 2'), (SELECT type_id FROM tbl_types WHERE type_name = 'Fighting'), (SELECT collection_id FROM tbl_collections WHERE collection_name = 'Base Set')),
    ('Alakazam', 80, 'A Pokémon that can memorize anything. It never forgets what it learns.', 'Confuse Ray', 'Psychic, Psychic, Psychic', 'Flip a coin. If heads, the Defending Pokémon is now Confused.', '30', 'Ken Sugimori', 'Colorless, Colorless, Colorless', 'Base Set', '1/102 Holo', 'Psychic', NULL, 1, (SELECT category_id FROM tbl_categories WHERE category_name = 'Stage 2'), (SELECT type_id FROM tbl_types WHERE type_name = 'Psychic'), (SELECT collection_id FROM tbl_collections WHERE collection_name = 'Base Set')),
    ('Gyarados', 100, 'Rarely seen in the wild. Huge and vicious, it is capable of destroying entire cities in a rage.', 'Dragon Rage', 'Water, Water, Water', NULL, '50', 'Mitsuhiro Arita', 'Colorless, Colorless, Colorless', 'Base Set', '6/102 Holo', 'Grass', 'Fighting', 6, (SELECT category_id FROM tbl_categories WHERE category_name = 'Stage 1'), (SELECT type_id FROM tbl_types WHERE type_name = 'Water'), (SELECT collection_id FROM tbl_collections WHERE collection_name = 'Base Set')),
    ('Poliwrath', 90, 'An adept swimmer at both the front crawl and breaststroke. Easily overtakes the best human swimmers.', 'Water Gun', 'Water, Water, Colorless', 'Does 30 damage plus 10 more damage for each Water Energy attached.', '30+', 'Ken Sugimori', 'Colorless, Colorless, Colorless', 'Base Set', '13/102 Holo', 'Grass', NULL, 13, (SELECT category_id FROM tbl_categories WHERE category_name = 'Stage 2'), (SELECT type_id FROM tbl_types WHERE type_name = 'Water'), (SELECT collection_id FROM tbl_collections WHERE collection_name = 'Base Set')),
    ('Zapdos', 80, 'A legendary bird Pokémon that is said to appear from clouds while wielding enormous lightning bolts.', 'Thunder', 'Lightning, Lightning, Lightning, Colorless', 'Flip a coin. If tails, Zapdos does 30 damage to itself.', '60', 'Mitsuhiro Arita', 'Colorless, Colorless, Colorless', 'Base Set', '16/102 Holo', NULL, 'Fighting', 16, (SELECT category_id FROM tbl_categories WHERE category_name = 'BASIC'), (SELECT type_id FROM tbl_types WHERE type_name = 'Lightning'), (SELECT collection_id FROM tbl_collections WHERE collection_name = 'Base Set')),
    ('Ninetales', 80, 'Very smart and very vindictive. Grabbing one of its many tails could result in a 1000-year curse.', 'Fire Blast', 'Fire, Fire, Fire, Fire', 'Discard 1 Fire Energy card attached to Ninetales in order to use this attack.', '80', 'Ken Sugimori', 'Colorless', 'Base Set', '12/102 Holo', 'Water', NULL, 12, (SELECT category_id FROM tbl_categories WHERE category_name = 'Stage 1'), (SELECT type_id FROM tbl_types WHERE type_name = 'Fire'), (SELECT collection_id FROM tbl_collections WHERE collection_name = 'Base Set')),
    ('Hitmonchan', 70, 'While appearing to do nothing, it fires punches in lightning fast succession that are impossible to see.', 'Special Punch', 'Fighting, Fighting, Colorless', NULL, '40', 'Ken Sugimori', 'Colorless, Colorless', 'Base Set', '7/102 Holo', 'Psychic', NULL, 7, (SELECT category_id FROM tbl_categories WHERE category_name = 'BASIC'), (SELECT type_id FROM tbl_types WHERE type_name = 'Fighting'), (SELECT collection_id FROM tbl_collections WHERE collection_name = 'Base Set')),
    ('Magneton', 60, 'Formed by several Magnemites linked together. They frequently appear when sunspots flare up.', 'Selfdestruct', 'Lightning, Lightning, Colorless, Colorless', 'Does 10 damage to each Pokémon on each player''s Bench.', '80', 'Keiji Kinebuchi', 'Colorless', 'Base Set', '9/102 Holo', 'Fighting', NULL, 9, (SELECT category_id FROM tbl_categories WHERE category_name = 'Stage 1'), (SELECT type_id FROM tbl_types WHERE type_name = 'Lightning'), (SELECT collection_id FROM tbl_collections WHERE collection_name = 'Base Set')),
    ('Clefairy', 40, 'Adored for their cute looks and playful nature. They are rare and found only in certain areas.', 'Metronome', 'Colorless', 'Choose 1 of the Defending Pokémon''s attacks. Clefairy copies that attack.', NULL, 'Ken Sugimori', 'Colorless', 'Base Set', '5/102 Holo', 'Fighting', 'Psychic', 5, (SELECT category_id FROM tbl_categories WHERE category_name = 'BASIC'), (SELECT type_id FROM tbl_types WHERE type_name = 'Normal'), (SELECT collection_id FROM tbl_collections WHERE collection_name = 'Base Set')),
    ('Vulpix', 50, 'At the time of birth, it has just one tail. The tail splits from its tip as it grows older.', 'Confuse Ray', 'Fire, Fire', 'Flip a coin. If heads, the Defending Pokémon is now Confused.', '10', 'Ken Sugimori', 'Colorless', 'Base Set', '68/102 Common', 'Water', NULL, 68, (SELECT category_id FROM tbl_categories WHERE category_name = 'BASIC'), (SELECT type_id FROM tbl_types WHERE type_name = 'Fire'), (SELECT collection_id FROM tbl_collections WHERE collection_name = 'Base Set')),
    ('Staryu', 40, 'An enigmatic Pokémon that can effortlessly regenerate any appendage it loses in battle.', 'Slap', 'Water', NULL, '20', 'Keiji Kinebuchi', 'Colorless', 'Base Set', '65/102 Common', 'Grass', NULL, 65, (SELECT category_id FROM tbl_categories WHERE category_name = 'BASIC'), (SELECT type_id FROM tbl_types WHERE type_name = 'Water'), (SELECT collection_id FROM tbl_collections WHERE collection_name = 'Base Set')),
    ('Sandshrew', 40, 'Burrows deep underground in arid locations far from water. It only emerges to hunt for food.', 'Sand-attack', 'Fighting', 'If the Defending Pokémon tries to attack, your opponent flips a coin.', '10', 'Ken Sugimori', 'Colorless', 'Base Set', '62/102 Common', 'Grass', 'Lightning', 62, (SELECT category_id FROM tbl_categories WHERE category_name = 'BASIC'), (SELECT type_id FROM tbl_types WHERE type_name = 'Fighting'), (SELECT collection_id FROM tbl_collections WHERE collection_name = 'Base Set')),
    ('Rattata', 30, 'Bites anything when it attacks. Small and very quick, it is a common sight in many places.', 'Bite', 'Colorless', NULL, '20', 'Ken Sugimori', NULL, 'Base Set', '61/102 Common', 'Fighting', 'Psychic', 61, (SELECT category_id FROM tbl_categories WHERE category_name = 'BASIC'), (SELECT type_id FROM tbl_types WHERE type_name = 'Normal'), (SELECT collection_id FROM tbl_collections WHERE collection_name = 'Base Set')),


    ('Vaporeon', 80, 'Lives close to water. Its long tail is ridged with a fin which is often mistaken for a mermaid''s.', 'Water Gun', 'Water, Water, Colorless', 'Does 30 damage plus 10 more damage for each Water Energy.', '30+', 'Mitsuhiro Arita', 'Colorless', 'Jungle', '12/64 Holo', 'Grass', NULL, 12, (SELECT category_id FROM tbl_categories WHERE category_name = 'Stage 1'), (SELECT type_id FROM tbl_types WHERE type_name = 'Water'), (SELECT collection_id FROM tbl_collections WHERE collection_name = 'Jungle')),
    ('Jolteon', 70, 'It accumulates negative ions in the atmosphere to blast out 10000-volt lightning bolts.', 'Double Kick', 'Lightning, Lightning, Colorless', 'Flip 2 coins. This attack does 30 damage times the number of heads.', '30x', 'Mitsuhiro Arita', 'Colorless', 'Jungle', '4/64 Holo', 'Fighting', NULL, 4, (SELECT category_id FROM tbl_categories WHERE category_name = 'Stage 1'), (SELECT type_id FROM tbl_types WHERE type_name = 'Lightning'), (SELECT collection_id FROM tbl_collections WHERE collection_name = 'Jungle')),
    ('Flareon', 70, 'When storing thermal energy in its body, its temperature could soar to over 1600 degrees.', 'Flamethrower', 'Fire, Fire, Colorless, Colorless', 'Discard 1 Fire Energy card in order to use this attack.', '60', 'Mitsuhiro Arita', 'Colorless', 'Jungle', '3/64 Holo', 'Water', NULL, 3, (SELECT category_id FROM tbl_categories WHERE category_name = 'Stage 1'), (SELECT type_id FROM tbl_types WHERE type_name = 'Fire'), (SELECT collection_id FROM tbl_collections WHERE collection_name = 'Jungle')),
    ('Scyther', 70, 'With ninja-like agility and speed, it can create the illusion that there is more than one.', 'Slash', 'Colorless, Colorless, Colorless', NULL, '30', 'Mitsuhiro Arita', NULL, 'Jungle', '10/64 Holo', 'Fire', 'Fighting', 10, (SELECT category_id FROM tbl_categories WHERE category_name = 'BASIC'), (SELECT type_id FROM tbl_types WHERE type_name = 'Grass'), (SELECT collection_id FROM tbl_collections WHERE collection_name = 'Jungle')),
    ('Snorlax', 90, 'Very lazy. Just eats and sleeps. As its rotund bulk builds, it becomes steadily more slothful.', 'Body Slam', 'Colorless, Colorless, Colorless, Colorless', 'Flip a coin. If heads, the Defending Pokémon is now Paralyzed.', '30', 'Ken Sugimori', 'Colorless, Colorless, Colorless, Colorless', 'Jungle', '11/64 Holo', 'Fighting', 'Psychic', 11, (SELECT category_id FROM tbl_categories WHERE category_name = 'BASIC'), (SELECT type_id FROM tbl_types WHERE type_name = 'Normal'), (SELECT collection_id FROM tbl_collections WHERE collection_name = 'Jungle')),
    ('Wigglytuff', 80, 'The body is soft and rubbery. When angered, it will suck in air and inflate itself to an enormous size.', 'Do the Wave', 'Colorless, Colorless, Colorless', 'Does 10 damage plus 10 more damage for each of your Benched Pokémon.', '10+', 'Mitsuhiro Arita', 'Colorless, Colorless', 'Jungle', '16/64 Holo', 'Fighting', 'Psychic', 16, (SELECT category_id FROM tbl_categories WHERE category_name = 'Stage 1'), (SELECT type_id FROM tbl_types WHERE type_name = 'Normal'), (SELECT collection_id FROM tbl_collections WHERE collection_name = 'Jungle')),
    ('Kangaskhan', 90, 'The infant rarely ventures out of its mother''s protective pouch until it is 3 years old.', 'Comet Punch', 'Colorless, Colorless, Colorless, Colorless', 'Flip 4 coins. This attack does 20 damage times the number of heads.', '20x', 'Mitsuhiro Arita', 'Colorless, Colorless, Colorless', 'Jungle', '5/64 Holo', 'Fighting', 'Psychic', 5, (SELECT category_id FROM tbl_categories WHERE category_name = 'BASIC'), (SELECT type_id FROM tbl_types WHERE type_name = 'Normal'), (SELECT collection_id FROM tbl_collections WHERE collection_name = 'Jungle')),
    ('Venomoth', 70, 'The dust-like scales covering its wings are color coded to indicate the kinds of poison it has.', 'Venom Powder', 'Grass, Grass', 'Flip a coin. If heads, the Defending Pokémon is now Confused and Poisoned.', '10', 'Ken Sugimori', NULL, 'Jungle', '13/64 Holo', 'Fire', 'Fighting', 13, (SELECT category_id FROM tbl_categories WHERE category_name = 'Stage 1'), (SELECT type_id FROM tbl_types WHERE type_name = 'Grass'), (SELECT collection_id FROM tbl_collections WHERE collection_name = 'Jungle')),
    ('Pinsir', 60, 'If it fails to crush the victim in its pincers, it will swing it around and toss it hard.', 'Guillotine', 'Grass, Grass, Colorless, Colorless', NULL, '50', 'Ken Sugimori', 'Colorless', 'Jungle', '9/64 Holo', 'Fire', NULL, 9, (SELECT category_id FROM tbl_categories WHERE category_name = 'BASIC'), (SELECT type_id FROM tbl_types WHERE type_name = 'Grass'), (SELECT collection_id FROM tbl_collections WHERE collection_name = 'Jungle')),
    ('Victreebel', 80, 'Said to live in huge colonies deep in jungles, although no one has ever returned from there.', 'Razor Leaf', 'Grass, Grass, Colorless', NULL, '60', 'Ken Sugimori', 'Colorless, Colorless', 'Jungle', '14/64 Holo', 'Fire', NULL, 14, (SELECT category_id FROM tbl_categories WHERE category_name = 'Stage 2'), (SELECT type_id FROM tbl_types WHERE type_name = 'Grass'), (SELECT collection_id FROM tbl_collections WHERE collection_name = 'Jungle')),


    ('Dragonite', 100, 'An extremely rarely seen marine Pokémon. Its intelligence is said to match that of humans.', 'Slam', 'Colorless, Colorless, Colorless, Colorless', 'Flip 2 coins. This attack does 40 damage times the number of heads.', '40x', 'Kagemaru Himeno', 'Colorless, Colorless', 'Fossil', '4/62 Holo', NULL, 'Fighting', 4, (SELECT category_id FROM tbl_categories WHERE category_name = 'Stage 2'), (SELECT type_id FROM tbl_types WHERE type_name = 'Normal'), (SELECT collection_id FROM tbl_collections WHERE collection_name = 'Fossil')),
    ('Articuno', 70, 'A legendary bird Pokémon that is said to appear to doomed people who are lost in icy mountains.', 'Blizzard', 'Water, Water, Water', 'Flip a coin. If heads, this attack does 10 damage to each Benched Pokémon.', '50', 'Mitsuhiro Arita', 'Colorless, Colorless', 'Fossil', '2/62 Holo', NULL, 'Fighting', 2, (SELECT category_id FROM tbl_categories WHERE category_name = 'BASIC'), (SELECT type_id FROM tbl_types WHERE type_name = 'Water'), (SELECT collection_id FROM tbl_collections WHERE collection_name = 'Fossil')),
    ('Moltres', 70, 'Known as the legendary bird of fire. Every flap of its wings creates a dazzling flash of flames.', 'Wildfire', 'Fire', 'Discard any number of Fire Energy. Discard that many cards from opponent''s deck.', NULL, 'Mitsuhiro Arita', 'Colorless, Colorless', 'Fossil', '12/62 Holo', NULL, 'Fighting', 12, (SELECT category_id FROM tbl_categories WHERE category_name = 'BASIC'), (SELECT type_id FROM tbl_types WHERE type_name = 'Fire'), (SELECT collection_id FROM tbl_collections WHERE collection_name = 'Fossil')),
    ('Gengar', 80, 'Under a full moon, this Pokémon likes to mimic the shadows of people and laugh at their fright.', 'Dark Mind', 'Psychic, Psychic, Psychic', 'Does 10 damage to 1 of your opponent''s Benched Pokémon.', '30', 'Ken Sugimori', 'Colorless', 'Fossil', '5/62 Holo', NULL, 'Fighting', 5, (SELECT category_id FROM tbl_categories WHERE category_name = 'Stage 2'), (SELECT type_id FROM tbl_types WHERE type_name = 'Psychic'), (SELECT collection_id FROM tbl_collections WHERE collection_name = 'Fossil')),
    ('Lapras', 80, 'A Pokémon that has been over-hunted almost to extinction. It can ferry people across water.', 'Hydro Pump', 'Water, Water, Colorless', 'Does 30 damage plus 10 more damage for each Water Energy.', '30+', 'Ken Sugimori', 'Colorless, Colorless', 'Fossil', '10/62 Holo', 'Grass', NULL, 10, (SELECT category_id FROM tbl_categories WHERE category_name = 'BASIC'), (SELECT type_id FROM tbl_types WHERE type_name = 'Water'), (SELECT collection_id FROM tbl_collections WHERE collection_name = 'Fossil')),
    ('Ditto', 50, 'Capable of copying an enemy''s genetic code to instantly transform itself into a duplicate of the enemy.', 'Transform', 'Colorless', 'Ditto copies the Defending Pokémon''s attacks and type.', NULL, 'Keiji Kinebuchi', 'Colorless', 'Fossil', '3/62 Holo', 'Fighting', 'Psychic', 3, (SELECT category_id FROM tbl_categories WHERE category_name = 'BASIC'), (SELECT type_id FROM tbl_types WHERE type_name = 'Normal'), (SELECT collection_id FROM tbl_collections WHERE collection_name = 'Fossil')),
    ('Aerodactyl', 60, 'A Pokémon that roams the skies in the prehistoric era. Its serrated teeth are like saw blades.', 'Wing Attack', 'Colorless, Colorless, Colorless', NULL, '30', 'Ken Sugimori', 'Colorless, Colorless', 'Fossil', '1/62 Holo', 'Grass', 'Fighting', 1, (SELECT category_id FROM tbl_categories WHERE category_name = 'Stage 1'), (SELECT type_id FROM tbl_types WHERE type_name = 'Fighting'), (SELECT collection_id FROM tbl_collections WHERE collection_name = 'Fossil')),
    ('Kabutops', 60, 'Its sleek shape is perfect for swimming. It slashes prey with its claws and drains the body fluids.', 'Sharp Sickle', 'Fighting, Fighting', NULL, '30', 'Ken Sugimori', 'Colorless', 'Fossil', '9/62 Holo', 'Grass', NULL, 9, (SELECT category_id FROM tbl_categories WHERE category_name = 'Stage 2'), (SELECT type_id FROM tbl_types WHERE type_name = 'Fighting'), (SELECT collection_id FROM tbl_collections WHERE collection_name = 'Fossil')),
    ('Muk', 70, 'Thickly covered with a filthy, vile sludge. It is so toxic, even its footprints contain poison.', 'Sludge', 'Grass, Grass', 'Flip a coin. If heads, the Defending Pokémon is now Poisoned.', '30', 'Ken Sugimori', 'Colorless, Colorless', 'Fossil', '13/62 Holo', 'Psychic', NULL, 13, (SELECT category_id FROM tbl_categories WHERE category_name = 'Stage 1'), (SELECT type_id FROM tbl_types WHERE type_name = 'Grass'), (SELECT collection_id FROM tbl_collections WHERE collection_name = 'Fossil')),
    ('Raichu', 90, 'When electricity builds up inside its body, it begins glowing. It also becomes aggressive.', 'Gigashock', 'Lightning, Lightning, Lightning, Lightning', 'Does 10 damage to each of your opponent''s Benched Pokémon.', '30', 'Mitsuhiro Arita', 'Colorless', 'Fossil', '14/62 Holo', 'Fighting', NULL, 14, (SELECT category_id FROM tbl_categories WHERE category_name = 'Stage 1'), (SELECT type_id FROM tbl_types WHERE type_name = 'Lightning'), (SELECT collection_id FROM tbl_collections WHERE collection_name = 'Fossil')),


    ('Dark Charizard', 80, 'The flame on its tail burns with a sinister light.', 'Continuous Fireball', 'Fire', 'Flip a coin for each Fire Energy. Does 50 damage for each heads.', '50x', 'Ken Sugimori', 'Colorless, Colorless, Colorless', 'Team Rocket', '4/83 Holo', 'Water', 'Fighting', 4, (SELECT category_id FROM tbl_categories WHERE category_name = 'Stage 2'), (SELECT type_id FROM tbl_types WHERE type_name = 'Fire'), (SELECT collection_id FROM tbl_collections WHERE collection_name = 'Team Rocket')),
    ('Dark Blastoise', 70, 'An aggressive Pokémon that uses its water cannons to intimidate its enemies.', 'Hydrocannon', 'Water, Water', 'Does 30 damage plus 20 more damage for each Water Energy.', '30+', 'Ken Sugimori', 'Colorless, Colorless', 'Team Rocket', '3/83 Holo', 'Grass', NULL, 3, (SELECT category_id FROM tbl_categories WHERE category_name = 'Stage 2'), (SELECT type_id FROM tbl_types WHERE type_name = 'Water'), (SELECT collection_id FROM tbl_collections WHERE collection_name = 'Team Rocket')),
    ('Dark Dragonite', 70, 'A dragon Pokémon that has been corrupted by the influence of Team Rocket.', 'Giant Tail', 'Colorless, Colorless, Colorless', 'Flip a coin. If tails, this attack does nothing.', '70', 'Mitsuhiro Arita', 'Colorless, Colorless', 'Team Rocket', '5/83 Holo', NULL, 'Fighting', 5, (SELECT category_id FROM tbl_categories WHERE category_name = 'Stage 2'), (SELECT type_id FROM tbl_types WHERE type_name = 'Normal'), (SELECT collection_id FROM tbl_collections WHERE collection_name = 'Team Rocket')),
    ('Dark Gyarados', 70, 'Its scales have turned a dark, murky blue from its time in polluted waters.', 'Ice Beam', 'Water, Water, Water', 'Flip a coin. If heads, the Defending Pokémon is now Paralyzed.', '30', 'Ken Sugimori', 'Colorless, Colorless', 'Team Rocket', '8/83 Holo', 'Grass', 'Fighting', 8, (SELECT category_id FROM tbl_categories WHERE category_name = 'Stage 1'), (SELECT type_id FROM tbl_types WHERE type_name = 'Water'), (SELECT collection_id FROM tbl_collections WHERE collection_name = 'Team Rocket')),
    ('Dark Alakazam', 60, 'Its psychic powers are used for destruction and chaos.', 'Mind Shock', 'Psychic, Psychic, Colorless', 'This attack''s damage isn''t affected by Weakness or Resistance.', '30', 'Ken Sugimori', 'Colorless, Colorless, Colorless', 'Team Rocket', '1/83 Holo', 'Psychic', NULL, 1, (SELECT category_id FROM tbl_categories WHERE category_name = 'Stage 2'), (SELECT type_id FROM tbl_types WHERE type_name = 'Psychic'), (SELECT collection_id FROM tbl_collections WHERE collection_name = 'Team Rocket')),
    ('Erika''s Venusaur', 90, 'This Venusaur has been trained with care in the Celadon Gym.', 'Solarbeam', 'Grass, Grass, Grass, Grass', NULL, '60', 'Ken Sugimori', 'Colorless, Colorless', 'Gym Heroes', '4/132 Holo', 'Fire', NULL, 4, (SELECT category_id FROM tbl_categories WHERE category_name = 'Stage 2'), (SELECT type_id FROM tbl_types WHERE type_name = 'Grass'), (SELECT collection_id FROM tbl_collections WHERE collection_name = 'Gym Heroes')),
    ('Sabrina''s Gengar', 80, 'Gengar uses its psychic connection to Sabrina to predict enemy movements.', 'Shadow Bind', 'Psychic, Psychic, Psychic', 'The Defending Pokémon can''t retreat during your opponent''s next turn.', '30', 'Ken Sugimori', NULL, 'Gym Heroes', '14/132 Holo', NULL, 'Fighting', 14, (SELECT category_id FROM tbl_categories WHERE category_name = 'Stage 2'), (SELECT type_id FROM tbl_types WHERE type_name = 'Psychic'), (SELECT collection_id FROM tbl_collections WHERE collection_name = 'Gym Heroes')),
    ('Giovanni''s Machamp', 100, 'Trained to be a ruthless fighter for the boss of Team Rocket.', 'Hurricane Punch', 'Fighting, Fighting, Fighting, Fighting', 'Flip 4 coins. Does 30 damage times the number of heads.', '30x', 'Ken Sugimori', 'Colorless, Colorless, Colorless', 'Gym Heroes', '6/132 Holo', 'Psychic', NULL, 6, (SELECT category_id FROM tbl_categories WHERE category_name = 'Stage 2'), (SELECT type_id FROM tbl_types WHERE type_name = 'Fighting'), (SELECT collection_id FROM tbl_collections WHERE collection_name = 'Gym Heroes')),
    ('Lugia', 90, 'Said to be the guardian of the seas. It is rarely seen by humans.', 'Aeroblast', 'Colorless, Colorless, Colorless', 'Flip a coin. If heads, this attack does 20 damage plus 20 more damage.', '20+', 'Hironobu Yoshida', 'Colorless, Colorless', 'Neo Genesis', '9/111 Holo', 'Psychic', 'Fighting', 9, (SELECT category_id FROM tbl_categories WHERE category_name = 'BASIC'), (SELECT type_id FROM tbl_types WHERE type_name = 'Normal'), (SELECT collection_id FROM tbl_collections WHERE collection_name = 'Neo Genesis')),
    ('Ho-Oh', 90, 'A legendary Pokémon of Johto that leaves a rainbow trail as it flies.', 'Sacred Fire', 'Fire, Fire, Fire', 'Flip a coin. If heads, this attack does 40 damage to 1 of your opponent''s Pokémon.', '40', 'Kagemaru Himeno', 'Colorless, Colorless', 'Neo Genesis', '7/111 Holo', 'Water', 'Fighting', 7, (SELECT category_id FROM tbl_categories WHERE category_name = 'BASIC'), (SELECT type_id FROM tbl_types WHERE type_name = 'Fire'), (SELECT collection_id FROM tbl_collections WHERE collection_name = 'Neo Genesis')),
    ('Typhlosion', 100, 'When it is angry, it creates a massive explosion of fire.', 'Flame Wheel', 'Fire, Fire, Fire, Fire', 'Discard 1 Fire Energy card to use this attack.', '80', 'Shin-ichi Yoshida', 'Colorless', 'Neo Genesis', '17/111 Holo', 'Water', NULL, 17, (SELECT category_id FROM tbl_categories WHERE category_name = 'Stage 2'), (SELECT type_id FROM tbl_types WHERE type_name = 'Fire'), (SELECT collection_id FROM tbl_collections WHERE collection_name = 'Neo Genesis')),
    ('Steelix', 110, 'Its body is harder than diamonds and can withstand any attack.', 'Iron Tail', 'Metal, Metal, Colorless, Colorless', 'Flip a coin until you get tails. Does 20 damage times heads.', '20x', 'Ken Sugimori', 'Colorless, Colorless, Colorless, Colorless', 'Neo Genesis', '15/111 Holo', 'Fire', 'Grass', 15, (SELECT category_id FROM tbl_categories WHERE category_name = 'Stage 1'), (SELECT type_id FROM tbl_types WHERE type_name = 'Metal'), (SELECT collection_id FROM tbl_collections WHERE collection_name = 'Neo Genesis')),
    ('Kingdra', 90, 'It lives in the deep sea and creates massive whirlpools when it moves.', 'Genetic Memory', 'Water, Water, Water', 'Kingdra can use any attack from its previous stages.', NULL, 'Ken Sugimori', 'Colorless, Colorless', 'Neo Genesis', '8/111 Holo', NULL, NULL, 8, (SELECT category_id FROM tbl_categories WHERE category_name = 'Stage 2'), (SELECT type_id FROM tbl_types WHERE type_name = 'Water'), (SELECT collection_id FROM tbl_collections WHERE collection_name = 'Neo Genesis')),
    ('Scizor', 80, 'Its claws are capable of crushing any object it catches.', 'False Swipe', 'Grass, Grass', 'Does damage equal to the Defending Pokémon''s remaining HP minus 10.', NULL, 'Ken Sugimori', 'Colorless, Colorless', 'Neo Discovery', '10/75 Holo', 'Fire', 'Grass', 10, (SELECT category_id FROM tbl_categories WHERE category_name = 'Stage 1'), (SELECT type_id FROM tbl_types WHERE type_name = 'Metal'), (SELECT collection_id FROM tbl_collections WHERE collection_name = 'Neo Discovery')),
    ('Tyranitar', 100, 'It roams the mountains looking for opponents to challenge.', 'Trample', 'Darkness, Darkness, Darkness, Colorless', 'Flip a coin. If heads, this attack does 50 damage plus 20 more damage.', '50+', 'Ken Sugimori', 'Colorless, Colorless, Colorless', 'Neo Discovery', '12/75 Holo', 'Fighting', 'Psychic', 12, (SELECT category_id FROM tbl_categories WHERE category_name = 'Stage 2'), (SELECT type_id FROM tbl_types WHERE type_name = 'Darkness'), (SELECT collection_id FROM tbl_collections WHERE collection_name = 'Neo Discovery'));